[
  {
    "id": "1f051392-9343-4cac-9d22-64c9b2e337ec",
    "data": [
      {
        "text": "don\u0027t worry",
        "userDefined": false
      }
    ],
    "isTemplate": false,
    "count": 0,
    "updated": 1529792330
  },
  {
    "id": "a18dc043-3015-4460-ad47-20637ee932dc",
    "data": [
      {
        "text": "good by",
        "userDefined": false
      }
    ],
    "isTemplate": false,
    "count": 0,
    "updated": 1529792330
  },
  {
    "id": "b6812944-6514-460e-9816-b8a68b1cb420",
    "data": [
      {
        "text": "thank you",
        "userDefined": false
      }
    ],
    "isTemplate": false,
    "count": 0,
    "updated": 1529792330
  },
  {
    "id": "4dd4792b-8704-482d-82e0-250e5e48e0c5",
    "data": [
      {
        "text": "ok fine",
        "userDefined": false
      }
    ],
    "isTemplate": false,
    "count": 0,
    "updated": 1529792330
  },
  {
    "id": "01baeafc-c092-46a9-a5e0-a9faf6f1bc84",
    "data": [
      {
        "text": "next time",
        "userDefined": false
      }
    ],
    "isTemplate": false,
    "count": 0,
    "updated": 1529792330
  },
  {
    "id": "8ac6f36e-c8d0-4329-b300-b8a058df9a38",
    "data": [
      {
        "text": "leave it",
        "userDefined": false
      }
    ],
    "isTemplate": false,
    "count": 0,
    "updated": 1529792330
  },
  {
    "id": "91ead27e-0c51-463b-990c-343bb4d2b265",
    "data": [
      {
        "text": "forget it",
        "userDefined": false
      }
    ],
    "isTemplate": false,
    "count": 0,
    "updated": 1529792330
  },
  {
    "id": "8a21a97e-e7fd-4a15-a171-2d71ab871664",
    "data": [
      {
        "text": "i don\u0027t know",
        "userDefined": false
      }
    ],
    "isTemplate": false,
    "count": 0,
    "updated": 1529792330
  },
  {
    "id": "931f3783-7618-4107-8801-db0394a5f5e0",
    "data": [
      {
        "text": "Never mind",
        "userDefined": false
      }
    ],
    "isTemplate": false,
    "count": 0,
    "updated": 1529792330
  }
]