[
  {
    "id": "aa20872e-4e5b-4753-a08a-2b5c78ef5b35",
    "data": [
      {
        "text": "1 day",
        "alias": "duration",
        "meta": "@sys.duration",
        "userDefined": true
      }
    ],
    "isTemplate": false,
    "count": 0,
    "updated": 1529791080
  },
  {
    "id": "81257a80-4d0e-4501-8685-d50362b3515d",
    "data": [
      {
        "text": "full day",
        "alias": "duration",
        "meta": "@sys.duration",
        "userDefined": true
      }
    ],
    "isTemplate": false,
    "count": 1,
    "updated": 1529791080
  },
  {
    "id": "33fb5797-7800-4d14-bbdb-26b11df3d80a",
    "data": [
      {
        "text": "half day",
        "alias": "duration",
        "meta": "@sys.duration",
        "userDefined": true
      }
    ],
    "isTemplate": false,
    "count": 0,
    "updated": 1529791080
  },
  {
    "id": "337582dc-eb53-40e2-a347-d585d5cf146d",
    "data": [
      {
        "text": "for ",
        "userDefined": false
      },
      {
        "text": "3 hours",
        "alias": "duration",
        "meta": "@sys.duration",
        "userDefined": true
      }
    ],
    "isTemplate": false,
    "count": 0,
    "updated": 1529791080
  }
]