[
  {
    "id": "8d842e1b-b861-4f1e-baa6-11431c6de691",
    "data": [
      {
        "text": "can you find me something ",
        "userDefined": false
      },
      {
        "text": "advance",
        "alias": "level",
        "meta": "@level",
        "userDefined": true
      }
    ],
    "isTemplate": false,
    "count": 0,
    "updated": 1529792907
  },
  {
    "id": "c58b24a8-98c5-4d0e-85ac-cc683babce72",
    "data": [
      {
        "text": "i would like something ",
        "userDefined": false
      },
      {
        "text": "intermediate",
        "alias": "level",
        "meta": "@level",
        "userDefined": true
      }
    ],
    "isTemplate": false,
    "count": 0,
    "updated": 1529792907
  },
  {
    "id": "5158e7f5-6036-42e4-9c4d-ef40eef62fd3",
    "data": [
      {
        "text": "may be something ",
        "userDefined": false
      },
      {
        "text": "easy",
        "alias": "level",
        "meta": "@level",
        "userDefined": true
      },
      {
        "text": " or quick",
        "userDefined": false
      }
    ],
    "isTemplate": false,
    "count": 0,
    "updated": 1529792907
  },
  {
    "id": "db72caf9-8248-454f-9018-7ac0c384be38",
    "data": [
      {
        "text": "i don\u0027t have much ",
        "userDefined": false
      },
      {
        "text": "experience",
        "alias": "level",
        "meta": "@level",
        "userDefined": true
      }
    ],
    "isTemplate": false,
    "count": 0,
    "updated": 1529788162
  },
  {
    "id": "5f8c2efa-b616-4ea8-a2c0-b7839784d162",
    "data": [
      {
        "text": "something ",
        "userDefined": false
      },
      {
        "text": "basic",
        "alias": "level",
        "meta": "@level",
        "userDefined": true
      }
    ],
    "isTemplate": false,
    "count": 0,
    "updated": 1529788162
  },
  {
    "id": "644ca3c0-fbd3-4378-ba43-2e5a89598c68",
    "data": [
      {
        "text": "advanced",
        "alias": "level",
        "meta": "@level",
        "userDefined": true
      }
    ],
    "isTemplate": false,
    "count": 0,
    "updated": 1529788162
  },
  {
    "id": "df9934bc-4941-4cc7-b0de-f12bc8fd7aa9",
    "data": [
      {
        "text": "intermediate",
        "alias": "level",
        "meta": "@level",
        "userDefined": true
      }
    ],
    "isTemplate": false,
    "count": 0,
    "updated": 1529788162
  },
  {
    "id": "d9b21808-a198-4f1f-9039-b619585710eb",
    "data": [
      {
        "text": "adventurous",
        "alias": "level",
        "meta": "@level",
        "userDefined": true
      }
    ],
    "isTemplate": false,
    "count": 0,
    "updated": 1529788162
  },
  {
    "id": "a3694687-3368-41fe-97b0-8298e5fb7af0",
    "data": [
      {
        "text": "Something ",
        "userDefined": false
      },
      {
        "text": "easy",
        "alias": "level",
        "meta": "@level",
        "userDefined": true
      }
    ],
    "isTemplate": false,
    "count": 0,
    "updated": 1529788162
  },
  {
    "id": "c839170d-e619-4955-8569-6fcdfc781ce8",
    "data": [
      {
        "text": "Maybe ",
        "userDefined": false
      },
      {
        "text": "beginner",
        "alias": "level",
        "meta": "@level",
        "userDefined": true
      }
    ],
    "isTemplate": false,
    "count": 0,
    "updated": 1529788162
  }
]